{"accuracy": [0.6219645738601685, 0.8641866445541382, 0.918358325958252, 0.9416316747665405, 0.9576783776283264, 0.9658012390136719, 0.9720890522003174, 0.9771676659584045, 0.9799416661262512, 0.9817910194396973], "loss": [1.2720847129821777, 0.428693562746048, 0.25557294487953186, 0.17784538865089417, 0.12867438793182373, 0.10438698530197144, 0.0846792683005333, 0.07073432952165604, 0.06245248764753342, 0.055984146893024445], "val_accuracy": [0.863134503364563, 0.9096289277076721, 0.9405872821807861, 0.9525381326675415, 0.9405872821807861, 0.94514000415802, 0.9592533707618713, 0.957773745059967, 0.9478147029876709, 0.9545868635177612], "val_loss": [0.4467109441757202, 0.28002282977104187, 0.18472371995449066, 0.15019680559635162, 0.18926593661308289, 0.1847945600748062, 0.13042514026165009, 0.1369018256664276, 0.17504753172397614, 0.14584486186504364]}